レディース, null
すべて, 1
トップス , 1
すべて, 3
Tシャツ/カットソー(半袖/袖なし) , 3
Tシャツ/カットソー(七分/長袖), 3
シャツ/ブラウス(半袖/袖なし) , 3
シャツ/ブラウス(七分/長袖), 3
ポロシャツ, 3
キャミソール , 3
タンクトップ , 3
ホルターネック, 3
ニット/セーター , 3
チュニック, 3
カーディガン/ボレロ , 3
アンサンブル , 3
ベスト/ジレ , 3
パーカー , 3
トレーナー/スウェット, 3
ベアトップ/チューブトップ, 3
ジャージ , 3
その他, 3
ジャケット/アウター , 1
すべて, 23
テーラードジャケット , 23
ノーカラージャケット , 23
Gジャン/デニムジャケット, 23
レザージャケット , 23
ダウンジャケット , 23
ライダースジャケット , 23
ミリタリージャケット , 23
ダウンベスト , 23
ジャンパー/ブルゾン , 23
ポンチョ , 23
ロングコート , 23
トレンチコート, 23
ダッフルコート, 23
ピーコート, 23
チェスターコート , 23
モッズコート , 23
スタジャン, 23
毛皮/ファーコート, 23
スプリングコート , 23
スカジャン, 23
その他, 23
パンツ, 1
すべて, 46
デニム/ジーンズ , 46
ショートパンツ, 46
カジュアルパンツ , 46
ハーフパンツ , 46
チノパン , 46
ワークパンツ/カーゴパンツ, 46
クロップドパンツ , 46
サロペット/オーバーオール, 46
オールインワン, 46
サルエルパンツ, 46
ガウチョパンツ, 46
その他, 46
スカート , 1
すべて, 60
ミニスカート , 60
ひざ丈スカート, 60
ロングスカート, 60
キュロット, 60
その他, 60
ワンピース, 1
すべて, 67
ミニワンピース, 67
ひざ丈ワンピース , 67
ロングワンピース , 67
その他, 67
靴, 1
すべて, 73
ハイヒール/パンプス , 73
ブーツ, 73
サンダル , 73
スニーカー, 73
ミュール , 73
モカシン , 73
ローファー/革靴 , 73
フラットシューズ/バレエシューズ , 73
長靴/レインシューズ , 73
その他, 73
ルームウェア/パジャマ, 1
すべて, 85
パジャマ , 85
ルームウェア , 85
レッグウェア , 1
すべて, 89
ソックス , 89
スパッツ/レギンス, 89
ストッキング/タイツ , 89
レッグウォーマー , 89
その他, 89
帽子 , 1
すべて, 96
ニットキャップ/ビーニー , 96
ハット, 96
ハンチング/ベレー帽 , 96
キャップ , 96
キャスケット , 96
麦わら帽子, 96
その他, 96
バッグ, 1
すべて, 105
ハンドバッグ , 105
トートバッグ , 105
エコバッグ, 105
リュック/バックパック, 105
ボストンバッグ, 105
スポーツバッグ, 105
ショルダーバッグ , 105
クラッチバッグ, 105
ポーチ/バニティ , 105
ボディバッグ/ウェストバッグ , 105
マザーズバッグ, 105
メッセンジャーバッグ , 105
ビジネスバッグ, 105
旅行用バッグ/キャリーバッグ , 105
ショップ袋, 105
和装用バッグ , 105
かごバッグ, 105
その他, 105
アクセサリー , 1
すべて, 125
ネックレス, 125
ブレスレット , 125
バングル/リストバンド, 125
リング, 125
ピアス(片耳用) , 125
ピアス(両耳用) , 125
イヤリング, 125
アンクレット , 125
ブローチ/コサージュ , 125
チャーム , 125
その他, 125
ヘアアクセサリー , 1
すべて, 138
ヘアゴム/シュシュ, 138
ヘアバンド/カチューシャ , 138
ヘアピン , 138
その他, 138
小物 , 1
すべて, 144
長財布, 144
折り財布 , 144
コインケース/小銭入れ, 144
名刺入れ/定期入れ, 144
キーケース, 144
キーホルダー , 144
手袋/アームカバー, 144
ハンカチ , 144
ベルト, 144
マフラー/ショール, 144
ストール/スヌード, 144
バンダナ/スカーフ, 144
ネックウォーマー , 144
サスペンダー , 144
サングラス/メガネ, 144
モバイルケース/カバー, 144
手帳 , 144
イヤマフラー , 144
傘, 144
レインコート/ポンチョ, 144
ミラー, 144
タバコグッズ , 144
その他, 144
時計 , 1
すべて, 169
腕時計(アナログ), 169
腕時計(デジタル), 169
ラバーベルト , 169
レザーベルト , 169
金属ベルト, 169
その他, 169
ウィッグ/エクステ, 1
すべて, 177
前髪ウィッグ , 177
ロングストレート , 177
ロングカール , 177
ショートストレート, 177
ショートカール, 177
その他, 177
浴衣/水着, 1
すべて, 185
浴衣 , 185
着物 , 185
振袖 , 185
長襦袢/半襦袢, 185
水着セパレート, 185
水着ワンピース, 185
水着スポーツ用, 185
その他, 185
スーツ/フォーマル/ドレス, 1
すべて, 195
スカートスーツ上下, 195
パンツスーツ上下 , 195
ドレス, 195
パーティーバッグ , 195
シューズ , 195
ウェディング , 195
その他, 195
マタニティ, 1
すべて, 204
トップス , 204
アウター , 204
インナー , 204
ワンピース, 204
パンツ/スパッツ , 204
スカート , 204
パジャマ , 204
授乳服, 204
その他, 204
その他, 1
すべて, 215
コスプレ , 215
下着 , 215
その他, 215
メンズ, null
すべて, 2
トップス , 220
すべて, 222
Tシャツ/カットソー(半袖/袖なし) , 222
Tシャツ/カットソー(七分/長袖), 222
シャツ, 222
ポロシャツ, 222
タンクトップ , 222
ニット/セーター , 222
パーカー , 222
カーディガン , 222
スウェット, 222
ジャージ , 222
ベスト, 222
その他, 222
ジャケット/アウター , 220
すべて, 236
テーラードジャケット , 236
ノーカラージャケット , 236
Gジャン/デニムジャケット, 236
レザージャケット , 236
ダウンジャケット , 236
ライダースジャケット , 236
ミリタリージャケット , 236
ナイロンジャケット, 236
フライトジャケット, 236
ダッフルコート, 236
ピーコート, 236
ステンカラーコート, 236
トレンチコート, 236
モッズコート , 236
チェスターコート , 236
スタジャン, 236
スカジャン, 236
ブルゾン , 236
マウンテンパーカー, 236
ダウンベスト , 236
ポンチョ , 236
カバーオール , 236
その他, 236
パンツ, 220
すべて, 261
デニム/ジーンズ , 261
ワークパンツ/カーゴパンツ, 261
スラックス, 261
チノパン , 261
ショートパンツ, 261
ペインターパンツ , 261
サルエルパンツ, 261
オーバーオール, 261
その他, 261
靴, 220
すべて, 272
スニーカー, 272
サンダル , 272
ブーツ, 272
モカシン , 272
ドレス/ビジネス , 272
長靴/レインシューズ , 272
デッキシューズ, 272
その他, 272
バッグ, 220
すべて, 282
ショルダーバッグ , 282
トートバッグ , 282
ボストンバッグ, 282
リュック/バックパック, 282
ウエストポーチ, 282
ボディーバッグ, 282
ドラムバッグ , 282
ビジネスバッグ, 282
トラベルバッグ, 282
メッセンジャーバッグ , 282
エコバッグ, 282
その他, 282
スーツ, 220
すべて, 296
スーツジャケット , 296
スーツベスト , 296
スラックス, 296
セットアップ , 296
その他, 296
帽子 , 220
すべて, 303
キャップ , 303
ハット, 303
ニットキャップ/ビーニー , 303
ハンチング/ベレー帽 , 303
キャスケット , 303
サンバイザー , 303
その他, 303
アクセサリー , 220
すべて, 312
ネックレス, 312
ブレスレット , 312
バングル/リストバンド, 312
リング, 312
ピアス(片耳用) , 312
ピアス(両耳用) , 312
アンクレット , 312
その他, 312
小物 , 220
すべて, 322
長財布, 322
折り財布 , 322
マネークリップ, 322
コインケース/小銭入れ, 322
名刺入れ/定期入れ, 322
キーケース, 322
キーホルダー , 322
ネクタイ , 322
手袋 , 322
ハンカチ , 322
ベルト, 322
マフラー , 322
ストール , 322
バンダナ , 322
ネックウォーマー , 322
サスペンダー , 322
ウォレットチェーン, 322
サングラス/メガネ, 322
モバイルケース/カバー, 322
手帳 , 322
ストラップ, 322
ネクタイピン , 322
カフリンクス , 322
イヤマフラー , 322
傘, 322
レインコート , 322
ミラー, 322
タバコグッズ , 322
その他, 322
時計 , 220
すべて, 353
腕時計(アナログ), 353
腕時計(デジタル), 353
ラバーベルト , 353
レザーベルト , 353
金属ベルト, 353
その他, 353
水着 , 220
すべて, 361
一般水着 , 361
スポーツ用, 361
アクセサリー , 361
その他, 361
レッグウェア , 220
すべて, 367
ソックス , 367
レギンス/スパッツ, 367
レッグウォーマー , 367
その他, 367
アンダーウェア, 220
すべて, 373
トランクス, 373
ボクサーパンツ, 373
その他, 373
その他, 220
すべて, 378
ベビー・キッズ, null
すべて, 380
ベビー服(女の子用)~95cm, 380
すべて, 382
トップス , 382
アウター , 382
パンツ, 382
スカート , 382
ワンピース, 382
ベビードレス , 382
おくるみ , 382
下着/肌着, 382
パジャマ , 382
ロンパース, 382
その他, 382
ベビー服(男の子用)~95cm, 380
すべて, 395
トップス , 395
アウター , 395
パンツ, 395
おくるみ , 395
下着/肌着, 395
パジャマ , 395
ロンパース, 395
その他, 395
ベビー服(男女兼用)~95cm, 380
すべて, 405
トップス , 405
アウター , 405
パンツ, 405
おくるみ , 405
下着/肌着, 405
パジャマ , 405
ロンパース, 405
その他, 405
キッズ服(女の子用)100cm~ , 380
すべて, 415
コート, 415
ジャケット/上着 , 415
トップス(Tシャツ/カットソー) , 415
トップス(トレーナー), 415
トップス(チュニック), 415
トップス(タンクトップ) , 415
トップス(その他), 415
スカート , 415
パンツ, 415
ワンピース, 415
セットアップ , 415
パジャマ , 415
フォーマル/ドレス, 415
和服 , 415
浴衣 , 415
甚平 , 415
水着 , 415
その他, 415
キッズ服(男の子用)100cm~ , 380
すべて, 435
コート, 435
ジャケット/上着 , 435
トップス(Tシャツ/カットソー) , 435
トップス(トレーナー), 435
トップス(その他), 435
パンツ, 435
セットアップ , 435
パジャマ , 435
フォーマル/ドレス, 435
和服 , 435
浴衣 , 435
甚平 , 435
水着 , 435
その他, 435
キッズ服(男女兼用)100cm~ , 380
すべて, 451
コート, 451
ジャケット/上着 , 451
トップス(Tシャツ/カットソー) , 451
トップス(トレーナー), 451
トップス(その他), 451
ボトムス , 451
パジャマ , 451
その他, 451
キッズ靴 , 380
すべて, 461
スニーカー, 461
サンダル , 461
ブーツ, 461
長靴 , 461
その他, 461
子ども用ファッション小物 , 380
すべて, 468
靴下/スパッツ, 468
帽子 , 468
エプロン , 468
サスペンダー , 468
タイツ, 468
ハンカチ , 468
バンダナ , 468
ベルト, 468
マフラー , 468
傘, 468
手袋 , 468
スタイ, 468
バッグ, 468
その他, 468
おむつ/トイレ/バス , 380
すべて, 484
おむつ用品, 484
おまる/補助便座 , 484
トレーニングパンツ, 484
ベビーバス, 484
お風呂用品, 484
その他, 484
外出/移動用品, 380
すべて, 492
ベビーカー, 492
抱っこひも/スリング , 492
チャイルドシート , 492
その他, 492
授乳/食事, 380
すべて, 498
ミルク, 498
ベビーフード , 498
ベビー用食器 , 498
その他, 498
ベビー家具/寝具/室内用品, 380
すべて, 504
ベッド, 504
布団/毛布, 504
イス , 504
たんす, 504
その他, 504
おもちゃ , 380
すべて, 511
おふろのおもちゃ , 511
がらがら , 511
オルゴール, 511
ベビージム, 511
手押し車/カタカタ, 511
知育玩具 , 511
その他, 511
行事/記念品 , 380
すべて, 520
お宮参り用品 , 520
お食い初め用品, 520
アルバム , 520
手形/足形, 520
その他, 520
その他, 380
すべて, 527
母子手帳用品 , 527
その他, 527
インテリア・住まい・小物 , null
すべて, 531
キッチン/食器, 531
すべて, 533
食器 , 533
調理器具 , 533
収納/キッチン雑貨, 533
弁当用品 , 533
カトラリー(スプーン等) , 533
テーブル用品 , 533
容器 , 533
エプロン , 533
アルコールグッズ , 533
浄水機, 533
その他, 533
ベッド/マットレス, 531
すべて, 546
セミシングルベッド, 546
シングルベッド, 546
セミダブルベッド , 546
ダブルベッド , 546
ワイドダブルベッド, 546
クイーンベッド, 546
キングベッド , 546
脚付きマットレスベッド, 546
マットレス, 546
すのこベッド , 546
ロフトベッド/システムベッド , 546
簡易ベッド/折りたたみベッド , 546
収納付き , 546
その他, 546
ソファ/ソファベッド , 531
すべて, 562
ソファセット , 562
シングルソファ, 562
ラブソファ, 562
トリプルソファ, 562
オットマン, 562
コーナーソファ, 562
ビーズソファ/クッションソファ, 562
ローソファ/フロアソファ , 562
ソファベッド , 562
応接セット, 562
ソファカバー , 562
リクライニングソファ , 562
その他, 562
椅子/チェア , 531
すべて, 577
一般 , 577
スツール , 577
ダイニングチェア , 577
ハイバックチェア , 577
ロッキングチェア , 577
座椅子, 577
折り畳みイス , 577
デスクチェア , 577
その他, 577
机/テーブル , 531
すべて, 588
こたつ, 588
カウンターテーブル, 588
サイドテーブル, 588
センターテーブル , 588
ダイニングテーブル, 588
座卓/ちゃぶ台, 588
アウトドア用 , 588
パソコン用, 588
事務机/学習机, 588
その他, 588
収納家具 , 531
すべて, 600
リビング収納 , 600
キッチン収納 , 600
玄関/屋外収納, 600
バス/トイレ収納 , 600
本収納, 600
本/CD/DVD収納 , 600
洋服タンス/押入れ収納, 600
電話台/ファックス台 , 600
ドレッサー/鏡台 , 600
棚/ラック, 600
ケース/ボックス , 600
その他, 600
ラグ/カーペット/マット , 531
すべて, 614
ラグ , 614
カーペット, 614
ホットカーペット , 614
玄関/キッチンマット , 614
トイレ/バスマット, 614
その他, 614
カーテン/ブラインド , 531
すべて, 622
カーテン , 622
ブラインド, 622
ロールスクリーン , 622
のれん, 622
その他, 622
ライト/照明 , 531
すべて, 629
蛍光灯/電球 , 629
天井照明 , 629
フロアスタンド, 629
その他, 629
寝具 , 531
すべて, 635
布団/毛布, 635
枕, 635
シーツ/カバー, 635
その他, 635
インテリア小物, 531
すべて, 641
ごみ箱, 641
ウェルカムボード , 641
オルゴール, 641
クッション, 641
クッションカバー , 641
スリッパラック, 641
ティッシュボックス, 641
バスケット/かご , 641
フォトフレーム, 641
マガジンラック, 641
モビール , 641
花瓶 , 641
灰皿 , 641
傘立て, 641
小物入れ , 641
置時計, 641
掛時計/柱時計, 641
鏡(立て掛け式) , 641
鏡(壁掛け式), 641
置物 , 641
風鈴 , 641
植物/観葉植物, 641
その他, 641
季節/年中行事, 531
すべて, 666
正月 , 666
成人式, 666
バレンタインデー , 666
ひな祭り , 666
子どもの日, 666
母の日, 666
父の日, 666
サマーギフト/お中元 , 666
夏/夏休み, 666
ハロウィン, 666
敬老の日 , 666
七五三, 666
お歳暮, 666
クリスマス, 666
冬一般, 666
その他, 666
その他, 531
すべて, 684
本・音楽・ゲーム , null
すべて, 687
本, 686
すべて, 688
文学/小説, 688
人文/社会, 688
ノンフィクション/教養, 688
地図/旅行ガイド , 688
ビジネス/経済, 688
健康/医学, 688
コンピュータ/IT, 688
趣味/スポーツ/実用 , 688
住まい/暮らし/子育て, 688
アート/エンタメ , 688
洋書 , 688
絵本 , 688
参考書, 688
その他, 688
漫画 , 686
すべて, 704
全巻セット, 704
少年漫画 , 704
少女漫画 , 704
青年漫画 , 704
女性漫画 , 704
同人誌, 704
その他, 704
雑誌 , 686
すべて, 713
アート/エンタメ/ホビー , 713
ファッション , 713
ニュース/総合, 713
趣味/スポーツ, 713
その他, 713
CD , 686
すべて, 720
邦楽 , 720
洋楽 , 720
アニメ, 720
クラシック, 720
K-POP/アジア, 720
キッズ/ファミリー, 720
その他, 720
DVD/ブルーレイ, 686
すべて, 729
外国映画 , 729
日本映画 , 729
アニメ, 729
TVドラマ, 729
ミュージック , 729
お笑い/バラエティ, 729
スポーツ/フィットネス, 729
キッズ/ファミリー, 729
その他, 729
レコード , 686
すべて, 740
邦楽 , 740
洋楽 , 740
その他, 740
テレビゲーム , 686
すべて, 745
家庭用ゲーム本体 , 745
家庭用ゲームソフト, 745
携帯用ゲーム本体 , 745
携帯用ゲームソフト, 745
PCゲーム, 745
その他, 745
おもちゃ・ホビー・グッズ , null
すべて, 754
おもちゃ , 753
すべて, 755
キャラクターグッズ, 755
ぬいぐるみ, 755
小物/アクセサリー, 755
模型/プラモデル , 755
ミニカー , 755
トイラジコン , 755
プラモデル, 755
ホビーラジコン, 755
鉄道模型 , 755
その他, 755
タレントグッズ, 753
すべて, 767
アイドル , 767
ミュージシャン, 767
タレント/お笑い芸人 , 767
スポーツ選手 , 767
その他, 767
コミック/アニメグッズ, 753
すべて, 774
ストラップ, 774
キーホルダー , 774
バッジ, 774
カード, 774
クリアファイル, 774
ポスター , 774
タオル, 774
その他, 774
トレーディングカード , 753
すべて, 784
遊戯王, 784
マジック：ザ・ギャザリング, 784
ポケモンカードゲーム , 784
デュエルマスターズ, 784
バトルスピリッツ , 784
プリパラ , 784
アイカツ , 784
カードファイト!!ヴァンガード, 784
ヴァイスシュヴァルツ , 784
プロ野球オーナーズリーグ , 784
ベースボールヒーローズ, 784
ドラゴンボール, 784
スリーブ , 784
その他, 784
フィギュア, 753
すべて, 800
コミック/アニメ , 800
特撮 , 800
ゲームキャラクター, 800
SF/ファンタジー/ホラー, 800
アメコミ , 800
スポーツ , 800
ミリタリー, 800
その他, 800
楽器/器材, 753
すべて, 810
エレキギター , 810
アコースティックギター, 810
ベース, 810
エフェクター , 810
アンプ, 810
弦楽器, 810
管楽器, 810
鍵盤楽器 , 810
打楽器, 810
和楽器, 810
楽譜/スコア , 810
レコーディング/PA機器 , 810
DJ機器 , 810
その他, 810
コレクション , 753
すべて, 826
武具 , 826
使用済切手/官製はがき, 826
旧貨幣/金貨/銀貨/記念硬貨 , 826
印刷物, 826
ノベルティグッズ , 826
その他, 826
ミリタリー, 753
すべて, 834
トイガン , 834
個人装備 , 834
その他, 834
美術品, 753
すべて, 839
陶芸 , 839
ガラス, 839
漆芸 , 839
金属工芸 , 839
絵画/タペストリ , 839
版画 , 839
彫刻/オブジェクト, 839
書, 839
写真 , 839
その他, 839
アート用品, 753
すべて, 851
画材 , 851
額縁 , 851
その他, 851
その他, 753
すべて, 856
トランプ/UNO , 856
カルタ/百人一首 , 856
ダーツ, 856
ビリヤード, 856
麻雀 , 856
パズル/ジグソーパズル, 856
囲碁/将棋, 856
オセロ/チェス, 856
人生ゲーム, 856
野球/サッカーゲーム , 856
スポーツ , 856
三輪車/乗り物, 856
ヨーヨー , 856
模型製作用品 , 856
鉄道 , 856
航空機, 856
アマチュア無線, 856
パチンコ/パチスロ, 856
その他, 856
コスメ・香水・美容, null
すべて, 877
ベースメイク , 877
すべて, 879
ファンデーション , 879
化粧下地 , 879
コントロールカラー, 879
BBクリーム , 879
CCクリーム , 879
コンシーラー , 879
フェイスパウダー , 879
トライアルセット/サンプル, 879
その他, 879
メイクアップ , 877
すべて, 890
アイシャドウ , 890
口紅 , 890
リップグロス , 890
リップライナー, 890
チーク, 890
フェイスカラー, 890
マスカラ , 890
アイライナー , 890
つけまつげ, 890
アイブロウペンシル, 890
パウダーアイブロウ, 890
眉マスカラ, 890
トライアルセット/サンプル, 890
メイク道具/化粧小物 , 890
美顔用品/美顔ローラー, 890
その他, 890
ネイルケア, 877
すべて, 908
ネイルカラー , 908
カラージェル , 908
ネイルベースコート/トップコート , 908
ネイルアート用品 , 908
ネイルパーツ , 908
ネイルチップ/付け爪 , 908
手入れ用具, 908
除光液, 908
その他, 908
香水 , 877
すべて, 919
香水(女性用), 919
香水(男性用), 919
ユニセックス , 919
ボディミスト , 919
その他, 919
スキンケア/基礎化粧品, 877
すべて, 926
化粧水/ローション, 926
乳液/ミルク , 926
美容液, 926
フェイスクリーム , 926
洗顔料, 926
クレンジング/メイク落とし, 926
パック/フェイスマスク, 926
ジェル/ゲル , 926
ブースター/導入液, 926
アイケア , 926
リップケア, 926
トライアルセット/サンプル, 926
洗顔グッズ, 926
その他, 926
ヘアケア , 877
すべて, 942
シャンプー, 942
トリートメント, 942
コンディショナー , 942
リンス, 942
スタイリング剤, 942
カラーリング剤, 942
ブラシ, 942
その他, 942
ボディケア, 877
すべて, 952
オイル/クリーム , 952
ハンドクリーム, 952
ローション, 952
日焼け止め/サンオイル, 952
ボディソープ , 952
入浴剤, 952
制汗/デオドラント, 952
フットケア, 952
その他, 952
オーラルケア , 877
すべて, 963
口臭防止/エチケット用品 , 963
歯ブラシ , 963
その他, 963
リラクゼーション , 877
すべて, 968
エッセンシャルオイル , 968
芳香器, 968
お香/香炉, 968
キャンドル, 968
リラクゼーショングッズ, 968
その他, 968
ダイエット, 877
すべて, 976
ダイエット食品, 976
エクササイズ用品 , 976
体重計, 976
体脂肪計 , 976
その他, 976
その他, 877
すべて, 983
健康用品 , 983
看護/介護用品, 983
救急/衛生用品, 983
その他, 983
家電・スマホ・カメラ , null
すべて, 989
スマートフォン/携帯電話 , 989
すべて, 991
スマートフォン本体, 991
バッテリー/充電器, 991
携帯電話本体 , 991
PHS本体, 991
その他, 991
スマホアクセサリー, 989
すべて, 998
Android用ケース, 998
iPhone用ケース , 998
カバー, 998
イヤホンジャック , 998
ストラップ, 998
フィルム , 998
自撮り棒 , 998
その他, 998
PC/タブレット , 989
すべて, 1008
タブレット, 1008
ノートPC, 1008
デスクトップ型PC, 1008
ディスプレイ , 1008
電子ブックリーダー, 1008
PC周辺機器 , 1008
PCパーツ, 1008
その他, 1008
カメラ, 989
すべて, 1018
デジタルカメラ, 1018
ビデオカメラ , 1018
レンズ(単焦点) , 1018
レンズ(ズーム) , 1018
フィルムカメラ, 1018
防犯カメラ, 1018
その他, 1018
テレビ/映像機器 , 989
すべて, 1027
テレビ, 1027
プロジェクター, 1027
ブルーレイレコーダー , 1027
DVDレコーダー , 1027
ブルーレイプレーヤー , 1027
DVDプレーヤー , 1027
映像用ケーブル, 1027
その他, 1027
オーディオ機器, 989
すべて, 1037
ポータブルプレーヤー , 1037
イヤフォン, 1037
ヘッドフォン , 1037
アンプ, 1037
スピーカー, 1037
ケーブル/シールド, 1037
ラジオ, 1037
その他, 1037
美容/健康, 989
すべて, 1047
ヘアドライヤー, 1047
ヘアアイロン , 1047
美容機器 , 1047
電気シェーバー, 1047
電動歯ブラシ , 1047
その他, 1047
冷暖房/空調 , 989
すべて, 1055
エアコン , 1055
空気清浄器, 1055
加湿器, 1055
扇風機, 1055
除湿機, 1055
ファンヒーター, 1055
電気ヒーター , 1055
オイルヒーター, 1055
ストーブ , 1055
ホットカーペット , 1055
こたつ, 1055
電気毛布 , 1055
その他, 1055
生活家電 , 989
すべて, 1070
冷蔵庫, 1070
洗濯機, 1070
炊飯器, 1070
電子レンジ/オーブン , 1070
調理機器 , 1070
アイロン , 1070
掃除機, 1070
エスプレッソマシン, 1070
コーヒーメーカー , 1070
衣類乾燥機, 1070
その他, 1070
その他, 989
すべて, 1083
その他, 1083
スポーツ・レジャー, null
すべて, 1086
ゴルフ, 1086
すべて, 1088
クラブ, 1088
ウエア(男性用) , 1088
ウエア(女性用) , 1088
バッグ, 1088
シューズ(男性用), 1088
シューズ(女性用), 1088
アクセサリー , 1088
その他, 1088
フィッシング , 1086
すべて, 1098
ロッド, 1098
リール, 1098
ルアー用品, 1098
ウエア, 1098
釣り糸/ライン, 1098
その他, 1098
自転車, 1086
すべて, 1106
自転車本体, 1106
ウエア, 1106
パーツ, 1106
アクセサリー , 1106
バッグ, 1106
工具/メンテナンス, 1106
その他, 1106
トレーニング/エクササイズ, 1086
すべて, 1115
ランニング, 1115
ウォーキング , 1115
ヨガ , 1115
トレーニング用品 , 1115
その他, 1115
野球 , 1086
すべて, 1122
ウェア, 1122
シューズ , 1122
グローブ , 1122
バット, 1122
アクセサリー , 1122
防具 , 1122
練習機器 , 1122
記念グッズ, 1122
応援グッズ, 1122
その他, 1122
サッカー/フットサル , 1086
すべて, 1134
ウェア, 1134
シューズ , 1134
ボール, 1134
アクセサリー , 1134
記念グッズ, 1134
応援グッズ, 1134
その他, 1134
テニス, 1086
すべて, 1143
ラケット(硬式用), 1143
ラケット(軟式用), 1143
ウェア, 1143
シューズ , 1143
ボール, 1143
アクセサリー , 1143
記念グッズ, 1143
応援グッズ, 1143
その他, 1143
スノーボード , 1086
すべて, 1154
ボード, 1154
バインディング, 1154
ブーツ(男性用) , 1154
ブーツ(女性用) , 1154
ブーツ(子ども用), 1154
ウエア/装備(男性用), 1154
ウエア/装備(女性用), 1154
ウエア/装備(子ども用) , 1154
アクセサリー , 1154
バッグ, 1154
その他, 1154
スキー, 1086
すべて, 1167
板, 1167
ブーツ(男性用) , 1167
ブーツ(女性用) , 1167
ブーツ(子ども用), 1167
ビンディング , 1167
ウエア(男性用) , 1167
ウエア(女性用) , 1167
ウエア(子ども用), 1167
ストック , 1167
その他, 1167
その他スポーツ, 1086
すべて, 1179
ダンス/バレエ, 1179
サーフィン, 1179
バスケットボール , 1179
バドミントン , 1179
バレーボール , 1179
スケートボード, 1179
陸上競技 , 1179
ラグビー , 1179
アメリカンフットボール, 1179
ボクシング, 1179
ボウリング, 1179
その他, 1179
アウトドア, 1086
すべて, 1193
テント/タープ, 1193
ライト/ランタン , 1193
寝袋/寝具, 1193
テーブル/チェア , 1193
ストーブ/コンロ , 1193
調理器具 , 1193
食器 , 1193
登山用品 , 1193
その他, 1193
その他, 1086
すべて, 1204
旅行用品 , 1204
その他, 1204
ハンドメイド , null
すべて, 1208
アクセサリー(女性用), 1208
すべて, 1210
ピアス, 1210
イヤリング, 1210
ネックレス, 1210
ブレスレット , 1210
リング, 1210
チャーム , 1210
ヘアゴム , 1210
アンクレット , 1210
その他, 1210
ファッション/小物, 1208
すべて, 1221
バッグ(女性用) , 1221
バッグ(男性用) , 1221
財布(女性用), 1221
財布(男性用), 1221
ファッション雑貨 , 1221
その他, 1221
アクセサリー/時計, 1208
すべて, 1229
アクセサリー(男性用), 1229
時計(女性用), 1229
時計(男性用), 1229
その他, 1229
日用品/インテリア, 1208
すべて, 1235
キッチン用品 , 1235
家具 , 1235
文房具, 1235
アート/写真 , 1235
アロマ/キャンドル, 1235
フラワー/ガーデン, 1235
その他, 1235
趣味/おもちゃ, 1208
すべて, 1244
クラフト/布製品 , 1244
おもちゃ/人形, 1244
その他, 1244
キッズ/ベビー, 1208
すべて, 1249
ファッション雑貨 , 1249
スタイ/よだれかけ, 1249
外出用品 , 1249
ネームタグ, 1249
その他, 1249
素材/材料, 1208
すべて, 1256
各種パーツ, 1256
生地/糸 , 1256
型紙/パターン, 1256
その他, 1256
二次創作物, 1208
すべて, 1262
クリエイターズ宇宙兄弟, 1262
その他, 1208
すべて, 1265
チケット , null
すべて, 1267
音楽 , 1267
すべて, 1269
男性アイドル , 1269
女性アイドル , 1269
韓流 , 1269
国内アーティスト , 1269
海外アーティスト , 1269
音楽フェス, 1269
声優/アニメ , 1269
その他, 1269
スポーツ , 1267
すべて, 1279
サッカー , 1279
野球 , 1279
テニス, 1279
格闘技/プロレス , 1279
相撲/武道, 1279
ゴルフ, 1279
バレーボール , 1279
バスケットボール , 1279
モータースポーツ , 1279
ウィンタースポーツ, 1279
その他, 1279
演劇/芸能, 1267
すべて, 1292
ミュージカル , 1292
演劇 , 1292
伝統芸能 , 1292
落語 , 1292
お笑い, 1292
オペラ, 1292
サーカス , 1292
バレエ, 1292
その他, 1292
イベント , 1267
すべて, 1303
声優/アニメ , 1303
キッズ/ファミリー, 1303
トークショー/講演会 , 1303
その他, 1303
映画 , 1267
すべて, 1309
邦画 , 1309
洋画 , 1309
その他, 1309
施設利用券, 1267
すべて, 1314
遊園地/テーマパーク , 1314
美術館/博物館, 1314
スキー場 , 1314
ゴルフ場 , 1314
フィットネスクラブ, 1314
プール, 1314
ボウリング場 , 1314
水族館, 1314
動物園, 1314
その他, 1314
優待券/割引券, 1267
すべて, 1326
ショッピング , 1326
レストラン/食事券, 1326
フード/ドリンク券, 1326
宿泊券, 1326
その他, 1326
その他, 1267
すべて, 1333
自動車・オートバイ, null
すべて, 1335
自動車本体, 1335
すべて, 1337
国内自動車本体, 1337
外国自動車本体, 1337
自動車タイヤ/ホイール, 1335
すべて, 1341
タイヤ/ホイールセット, 1341
タイヤ, 1341
ホイール , 1341
その他, 1341
自動車パーツ , 1335
すべて, 1347
サスペンション, 1347
ブレーキ , 1347
外装、エアロパーツ, 1347
ライト, 1347
内装品、シート, 1347
ステアリング , 1347
マフラー・排気系 , 1347
エンジン、過給器、冷却装置, 1347
クラッチ、ミッション、駆動系 , 1347
電装品, 1347
補強パーツ, 1347
汎用パーツ, 1347
外国自動車用パーツ, 1347
その他, 1347
自動車アクセサリー, 1335
すべて, 1363
車内アクセサリー , 1363
カーナビ , 1363
カーオーディオ, 1363
車外アクセサリー , 1363
メンテナンス用品 , 1363
チャイルドシート , 1363
ドライブレコーダー, 1363
レーダー探知機, 1363
カタログ/マニュアル , 1363
セキュリティ , 1363
その他, 1363
オートバイ車体, 1335
すべて, 1376
オートバイパーツ , 1335
すべて, 1378
タイヤ, 1378
マフラー , 1378
エンジン、冷却装置, 1378
カウル、フェンダー、外装 , 1378
サスペンション, 1378
ホイール , 1378
シート, 1378
ブレーキ , 1378
タンク, 1378
ライト、ウィンカー, 1378
チェーン、スプロケット、駆動系, 1378
メーター , 1378
電装系, 1378
ミラー, 1378
外国オートバイ用パーツ, 1378
その他, 1378
オートバイアクセサリー, 1335
すべて, 1396
ヘルメット/シールド , 1396
バイクウエア/装備, 1396
アクセサリー , 1396
メンテナンス , 1396
カタログ/マニュアル , 1396
その他, 1396
その他, null
すべて, 1404
まとめ売り, 1404
すべて, 1406
ペット用品, 1404
すべて, 1408
ペットフード , 1408
犬用品, 1408
猫用品, 1408
魚用品/水草 , 1408
小動物用品, 1408
爬虫類/両生類用品, 1408
かご/おり, 1408
鳥用品, 1408
虫類用品 , 1408
その他, 1408
食品 , 1404
すべて, 1420
菓子 , 1420
米, 1420
野菜 , 1420
果物 , 1420
調味料, 1420
魚介類(加工食品), 1420
肉類(加工食品) , 1420
その他加工食品, 1420
その他, 1420
飲料/酒 , 1404
すべて, 1431
コーヒー , 1431
ソフトドリンク, 1431
ミネラルウォーター, 1431
茶, 1431
ウイスキー, 1431
ワイン, 1431
ブランデー, 1431
焼酎 , 1431
日本酒, 1431
ビール、発泡酒, 1431
その他, 1431
日用品/生活雑貨/旅行, 1404
すべて, 1444
タオル/バス用品 , 1444
日用品/生活雑貨 , 1444
洗剤/柔軟剤 , 1444
旅行用品 , 1444
防災関連グッズ, 1444
その他, 1444
アンティーク/コレクション, 1404
すべて, 1452
雑貨 , 1452
工芸品, 1452
家具 , 1452
印刷物, 1452
その他, 1452
文房具/事務用品 , 1404
すべて, 1459
筆記具, 1459
ノート/メモ帳, 1459
テープ/マスキングテープ , 1459
カレンダー/スケジュール , 1459
アルバム/スクラップ , 1459
ファイル/バインダー , 1459
はさみ/カッター , 1459
カードホルダー/名刺管理 , 1459
のり/ホッチキス , 1459
その他, 1459
事務/店舗用品, 1404
すべて, 1471
オフィス用品一般 , 1471
オフィス家具 , 1471
店舗用品 , 1471
OA機器 , 1471
ラッピング/包装 , 1471
その他, 1471
その他, 1404
すべて, 1480
